code,regency_code,coordinate,is_populated,is_outermost_small,name
110140001,1101,03°19'03.44" N 097°07'41.73" E,0,0,Pulau Batukapal
110140002,1101,03°24'55.00" N 097°04'21.00" E,0,0,Pulau Batutunggal
110140003,1101,02°52'54.99" N 097°31'07.00" E,0,0,Pulau Kayee
110140004,1101,02°54'25.11" N 097°26'18.51" E,0,0,Pulau Mangki
110140005,1101,02°53'16.00" N 097°30'54.00" E,0,0,Pulau Tengku
110140006,1101,02°48'34.67" N 097°35'36.51" E,0,0,Pulau Trumon
110340001,1103,04°36'48.74" N 098°00'31.21" E,0,0,Pulau Bangka Matee
110340002,1103,05°09'12.80" N 097°34'56.08" E,0,0,Pulau Gosongsungaibelah
110340003,1103,04°36'19.18" N 098°01'02.04" E,0,0,Pulau Krueng Beukah
110340004,1103,04°41'35.16" N 097°57'59.15" E,0,0,Pulau Kuala Parek
110340005,1103,05°06'37.00" N 097°37'35.00" E,1,0,Pulau Nebukserdang
110340006,1103,04°38'21.32" N 097°59'38.64" E,0,0,Pulau Pusong Broh
110340007,1103,04°35'50.74" N 097°57'59.07" E,0,0,Pulau Pusong Brooh
110340008,1103,04°35'38.25" N 098°01'09.57" E,0,0,Pulau Ujongperleng
110640001,1106,05°37'02.48" N 095°31'56.11" E,0,0,Pulau Amad Rangmanyang
110640002,1106,05°39'49.90" N 095°06'32.62" E,0,0,Pulau Baeet
110640003,1106,05°45'14.15" N 095°03'23.05" E,0,0,Pulau Bateebeukah
110640004,1106,05°34'41.99" N 095°13'09.99" E,0,0,Pulau Bateecut
110640005,1106,05°21'03.38" N 095°13'06.63" E,0,0,Pulau Bateedua Selatan
110640006,1106,05°21'27.35" N 095°13'49.55" E,0,0,Pulau Bateedua Utara
110640007,1106,05°47'34.72" N 094°58'26.09" E,0,1,Pulau Bateeleblah
110640008,1106,05°34'44.80" N 095°12'55.02" E,0,0,Pulau Bateelumpat
110640009,1106,05°26'03.54" N 095°13'52.10" E,0,0,Pulau Bateepantee Lhok Nga
110640010,1106,05°34'45.99" N 095°12'00.00" E,0,0,Pulau Bateerayeuk
110640011,1106,05°18'30.91" N 095°12'23.65" E,0,0,Pulau Bateetamon Rayeuk
110640012,1106,05°18'15.13" N 095°12'32.06" E,0,0,Pulau Bateetamon Selatan
110640013,1106,05°18'20.39" N 095°12'26.14" E,0,0,Pulau Bateetamon Tengoh
110640014,1106,05°18'23.17" N 095°12'26.59" E,0,0,Pulau Bateetamon Utara
110640015,1106,05°18'46.10" N 095°12'12.46" E,0,0,Pulau Bateeujong Lhok Paro
110640016,1106,05°18'43.47" N 095°13'11.78" E,0,0,Pulau Bateeujong Lhok Tuleot
110640017,1106,05°37'28.89" N 095°09'18.31" E,1,0,Pulau Breueh
110640018,1106,05°37'29.97" N 095°03'04.38" E,0,0,Pulau Bukulah Utara
110640019,1106,05°33'20.00" N 095°10'05.00" E,0,0,Pulau Bunta
110640020,1106,05°41'11.33" N 095°23'15.15" E,0,0,Pulau Burok
110640021,1106,05°33'47.14" N 095°10'03.15" E,0,0,Pulau Cut
110640022,1106,05°36'49.82" N 095°03'42.26" E,0,0,Pulau Gepon Cut
110640023,1106,05°36'34.99" N 095°03'34.43" E,0,0,Pulau Gepon Selatan
110640024,1106,05°36'40.00" N 095°03'45.00" E,0,0,Pulau Gepon Tengoh
110640025,1106,05°36'28.95" N 095°03'29.41" E,0,0,Pulau Geupon Batee
110640026,1106,05°33'07.31" N 095°09'01.87" E,0,0,Pulau Iku Maneek
110640027,1106,05°34'26.00" N 095°10'52.00" E,0,0,Pulau Ikumanek
110640028,1106,05°38'32.21" N 095°10'08.05" E,0,0,Pulau Jeuroh
110640029,1106,05°38'02.37" N 095°04'08.33" E,1,0,Pulau Kerisek
110640030,1106,05°45'51.28" N 095°02'08.22" E,0,0,Pulau Looh
110640031,1106,05°34'48.92" N 095°12'57.13" E,0,0,Pulau Lumpat
110640032,1106,05°47'31.78" N 094°58'20.09" E,0,0,Pulau Lungkap Cut
110640033,1106,05°41'57.99" N 095°04'54.99" E,1,0,Pulau Nasi
110640034,1106,05°16'39.00" N 095°12'20.00" E,0,1,Pulau Rusa
110640035,1106,05°42'57.13" N 095°01'01.53" E,0,0,Pulau Sidom Besar
110640036,1106,05°42'50.13" N 095°00'53.04" E,0,0,Pulau Sidom Kecil
110640037,1106,05°39'28.73" N 095°09'30.26" E,0,0,Pulau Tengkorak
110640038,1106,05°33'52.10" N 095°14'58.64" E,0,0,Pulau Tuan
110640039,1106,05°40'18.81" N 095°02'20.16" E,0,0,Pulau Ujong Apui
110640040,1106,05°13'23.91" N 095°14'28.35" E,0,1,Pulau Ujongriting
110640041,1106,05°40'16.06" N 095°02'16.81" E,0,0,Pulau Uu
110640042,1106,05°45'18.48" N 095°00'42.64" E,0,0,Pulau Uuh
110740001,1107,05°17'14.56" N 096°05'43.63" E,1,0,Pulau Busung
110940001,1109,02°38'30.24" N 096°07'00.87" E,0,0,Pulau Aie Luan
110940002,1109,02°43'27.36" N 096°06'59.76" E,0,0,Pulau Aieluan
110940003,1109,02°40'25.21" N 096°06'28.34" E,0,0,Pulau Alaala
110940004,1109,02°22'14.94" N 096°19'44.31" E,0,0,Pulau Ama Adu
110940005,1109,02°33'49.35" N 096°18'40.99" E,0,0,Pulau Ama Balok
110940006,1109,02°32'00.85" N 096°23'12.73" E,0,0,Pulau Ama Galok
110940007,1109,02°50'13.92" N 095°54'37.14" E,0,0,Pulau Ama Perak
110940008,1109,02°44'51.35" N 096°06'42.26" E,0,0,Pulau Amasianggao
110940009,1109,02°44'51.54" N 096°06'13.38" E,0,0,Pulau Amasianggao Ketek
110940010,1109,02°54'11.00" N 095°45'25.99" E,0,0,Pulau Arafulu
110940011,1109,02°38'56.18" N 096°09'10.39" E,0,0,Pulau Aramaram
110940012,1109,02°29'57.31" N 096°22'26.38" E,0,0,Pulau Aru
110940013,1109,02°46'55.99" N 096°00'43.99" E,0,0,Pulau Asu
110940014,1109,02°29'57.38" N 096°22'39.25" E,0,0,Pulau Awah
110940015,1109,02°40'30.00" N 096°08'44.00" E,0,0,Pulau Baba
110940016,1109,02°30'23.20" N 096°23'44.85" E,0,0,Pulau Babi
110940017,1109,02°10'08.00" N 096°38'10.00" E,0,0,Pulau Babi
110940018,1109,02°28'58.49" N 096°23'11.95" E,0,0,Pulau Balok
110940019,1109,02°53'52.51" N 095°50'14.15" E,0,0,Pulau Balubuk
110940020,1109,02°40'13.00" N 096°07'58.00" E,0,0,Pulau Balung
110940021,1109,02°38'47.00" N 096°06'59.00" E,0,0,Pulau Balung Silare
110940022,1109,02°25'36.34" N 096°31'28.45" E,0,0,Pulau Batuberlayar
110940023,1109,02°25'29.46" N 096°31'18.48" E,0,0,Pulau Batuberlayar Kecil
110940024,1109,02°21'37.72" N 096°12'13.66" E,0,0,Pulau Batuhek
110940025,1109,02°32'17.33" N 096°21'27.12" E,0,0,Pulau Benar
110940026,1109,02°32'11.04" N 096°23'07.72" E,0,0,Pulau Bilalang
110940027,1109,02°26'23.48" N 096°29'32.78" E,0,0,Pulau Binaksi
110940028,1109,02°33'14.27" N 096°20'37.87" E,0,0,Pulau Cemara
110940029,1109,02°32'57.35" N 096°03'57.38" E,0,0,Pulau Deli
110940030,1109,02°29'24.05" N 096°22'39.94" E,0,0,Pulau Dua Gadang
110940031,1109,02°29'27.85" N 096°22'39.01" E,0,0,Pulau Dua Ketek
110940032,1109,02°30'00.02" N 096°22'36.14" E,0,0,Pulau Dua Lugu
110940033,1109,02°30'05.84" N 096°22'17.01" E,0,0,Pulau Duo
110940034,1109,02°43'23.12" N 096°08'11.84" E,0,0,Pulau Falu
110940035,1109,02°39'50.54" N 096°10'12.80" E,0,0,Pulau Fatu
110940036,1109,02°33'49.00" N 096°19'42.32" E,0,0,Pulau Gabui
110940037,1109,02°33'57.21" N 096°19'35.99" E,0,0,Pulau Gabuisitok
110940038,1109,02°53'52.96" N 095°50'07.95" E,0,0,Pulau Gae Gae Sambae Heba
110940039,1109,02°53'49.67" N 095°50'08.83" E,0,0,Pulau Gae Gae Sambae Onok Onok
110940040,1109,02°50'52.00" N 095°53'15.00" E,0,0,Pulau Gailaulo
110940041,1109,02°49'55.54" N 095°53'46.15" E,0,0,Pulau Gaimiteum
110940042,1109,02°51'47.98" N 095°55'48.54" E,0,0,Pulau Grik
110940043,1109,02°32'50.66" N 096°23'19.83" E,0,0,Pulau Gumentoh
110940044,1109,02°34'04.42" N 096°18'36.88" E,0,0,Pulau Gumentoh
110940045,1109,02°40'06.71" N 096°10'49.32" E,0,0,Pulau Ihoung Keubau
110940046,1109,02°55'36.00" N 095°45'37.00" E,0,0,Pulau Ina
110940047,1109,02°32'32.01" N 096°20'56.58" E,0,0,Pulau Jambu
110940048,1109,02°34'12.51" N 096°21'52.66" E,0,0,Pulau Jawijawi
110940049,1109,02°42'27.04" N 096°08'14.57" E,0,0,Pulau Jawi-Jawi
110940050,1109,02°32'23.80" N 096°20'45.60" E,0,0,Pulau Jirun
110940051,1109,02°38'29.14" N 096°07'12.83" E,0,0,Pulau Kala
110940052,1109,02°44'48.40" N 096°05'17.62" E,0,0,Pulau Kapur
110940053,1109,02°30'07.75" N 096°23'18.36" E,0,0,Pulau Karang Polisi
110940054,1109,02°31'56.23" N 096°20'46.11" E,0,0,Pulau Kasik
110940055,1109,02°49'34.00" N 095°57'51.99" E,0,0,Pulau Khalakhala
110940056,1109,02°28'15.90" N 096°23'31.95" E,0,0,Pulau Kuala Ketek
110940057,1109,02°28'18.75" N 096°23'30.69" E,0,0,Pulau Kuala Ketek Utara
110940058,1109,02°44'49.29" N 096°05'03.77" E,0,0,Pulau Kungkung Betut
110940059,1109,02°25'33.60" N 096°30'14.18" E,0,0,Pulau Labuan Cina
110940060,1109,02°32'11.23" N 096°22'04.41" E,0,0,Pulau Lampaseh
110940061,1109,02°39'56.97" N 096°09'28.97" E,0,0,Pulau Langeni
110940062,1109,02°29'58.07" N 096°22'29.32" E,0,0,Pulau Lapan
110940063,1109,02°30'11.99" N 096°23'38.00" E,0,0,Pulau Lapan Gadang
110940064,1109,02°05'26.99" N 096°39'00.00" E,0,0,Pulau Lasia
110940065,1109,02°42'24.99" N 095°43'54.00" E,0,0,Pulau Leukon
110940066,1109,02°32'21.72" N 096°21'04.73" E,0,0,Pulau Lhok Anifung
110940067,1109,02°42'48.89" N 096°08'35.51" E,0,0,Pulau Lhok Ketek
110940068,1109,02°38'17.00" N 096°19'35.00" E,0,0,Pulau Limau
110940069,1109,02°36'31.84" N 095°52'03.82" E,0,0,Pulau Linggam
110940070,1109,02°50'07.24" N 095°53'13.62" E,0,0,Pulau Lugum Boya
110940071,1109,02°26'19.10" N 096°29'20.90" E,0,0,Pulau Marang
110940072,1109,02°30'24.90" N 096°22'15.80" E,0,0,Pulau Matahari
110940073,1109,02°31'37.88" N 096°20'49.13" E,0,0,Pulau Matahari
110940074,1109,02°43'42.10" N 096°07'47.50" E,0,0,Pulau Matamalingkar
110940075,1109,02°21'15.99" N 096°11'53.99" E,0,0,Pulau Mincau
110940076,1109,02°25'07.40" N 096°29'27.38" E,0,0,Pulau Pamong
110940077,1109,02°29'57.12" N 096°22'25.34" E,0,0,Pulau Pandan
110940078,1109,02°32'05.77" N 096°20'41.83" E,0,0,Pulau Pandan Sitok
110940079,1109,02°25'32.27" N 096°28'56.28" E,0,0,Pulau Panglima Gajah
110940080,1109,02°51'00.97" N 095°52'30.24" E,0,0,Pulau Panjang
110940081,1109,02°50'06.73" N 095°47'16.99" E,0,0,Pulau Panjang
110940082,1109,02°39'06.30" N 096°07'14.90" E,0,0,Pulau Panjang
110940083,1109,02°30'51.66" N 096°23'19.50" E,0,0,Pulau Panjang
110940084,1109,02°30'48.97" N 096°22'54.79" E,0,0,Pulau Panjang Kecil
110940085,1109,02°51'11.00" N 095°56'35.00" E,0,0,Pulau Penyu
110940086,1109,02°39'06.00" N 096°12'54.00" E,0,0,Pulau Pinang
110940087,1109,02°30'00.60" N 096°22'09.61" E,0,0,Pulau Rajo
110940088,1109,02°52'09.68" N 095°52'43.16" E,0,0,Pulau Rajo
110940089,1109,02°58'23.99" N 095°23'39.00" E,0,1,Pulau Salaut Besar
110940090,1109,03°00'47.99" N 095°24'16.99" E,0,0,Pulau Salaut Kecil
110940091,1109,02°26'15.70" N 096°29'04.72" E,0,0,Pulau Saridin
110940092,1109,02°29'07.22" N 096°22'55.07" E,0,0,Pulau Sarok
110940093,1109,02°29'59.58" N 096°22'20.53" E,0,0,Pulau Sarok
110940094,1109,02°30'04.97" N 096°22'46.57" E,0,0,Pulau Sarok Linggi
110940095,1109,02°30'06.70" N 096°22'50.90" E,0,0,Pulau Sarok Luar
110940096,1109,02°31'07.48" N 096°22'13.98" E,0,0,Pulau Sayur
110940097,1109,02°29'02.75" N 096°25'23.04" E,0,0,Pulau Seberang
110940098,1109,02°32'42.13" N 096°22'35.19" E,0,0,Pulau Seberuak
110940099,1109,02°24'51.00" N 096°13'50.00" E,0,0,Pulau Sefelak
110940100,1109,02°26'16.16" N 096°29'12.55" E,0,0,Pulau Sektare Sigenu
110940101,1109,02°24'56.74" N 096°30'02.95" E,0,0,Pulau Sialik
110940102,1109,02°49'50.47" N 095°46'03.14" E,0,0,Pulau Siambongambong
110940103,1109,02°52'01.51" N 095°53'00.55" E,0,0,Pulau Sifolorfulfor
110940104,1109,02°26'16.39" N 096°30'23.56" E,0,0,Pulau Sigenu
110940105,1109,02°26'25.97" N 096°29'27.20" E,0,0,Pulau Sigenu Sitok
110940106,1109,02°24'04.20" N 096°29'02.19" E,0,0,Pulau Sihalik
110940107,1109,02°31'11.86" N 096°26'40.01" E,0,0,Pulau Simanahah
110940108,1109,02°29'50.23" N 096°24'06.97" E,0,0,Pulau Simandah
110940109,1109,02°36'42.00" N 096°05'44.99" E,1,0,Pulau Simeulue
110940110,1109,02°32'03.00" N 095°56'26.00" E,0,1,Pulau Simeulue Cut
110940111,1109,02°26'12.73" N 096°28'46.03" E,0,0,Pulau Sipedak
110940112,1109,02°24'02.09" N 096°29'15.90" E,0,0,Pulau Sipipit
110940113,1109,02°50'15.49" N 095°47'09.17" E,0,0,Pulau Sirafafe
110940114,1109,02°39'02.00" N 096°22'30.00" E,1,0,Pulau Siumat
110940115,1109,02°26'27.74" N 096°29'24.03" E,0,0,Pulau Subangsubang Lataling
110940116,1109,02°29'48.74" N 096°04'41.25" E,0,0,Pulau Sulang
110940117,1109,02°42'48.03" N 096°08'08.07" E,0,0,Pulau Talago
110940118,1109,02°37'46.70" N 096°18'18.38" E,0,0,Pulau Talam
110940119,1109,02°32'09.35" N 096°24'17.66" E,0,0,Pulau Talam
110940120,1109,02°44'59.43" N 096°06'01.22" E,0,0,Pulau Tangkahan
110940121,1109,02°44'57.42" N 096°06'05.51" E,0,0,Pulau Tangkahan Selatan
110940122,1109,02°45'04.05" N 096°06'01.60" E,0,0,Pulau Tangkahan Utaro
110940123,1109,02°26'03.53" N 096°29'15.98" E,0,0,Pulau Tenggel
110940124,1109,02°53'30.99" N 095°45'45.00" E,0,0,Pulau Tepi
110940125,1109,02°21'07.99" N 096°14'22.99" E,1,0,Pulau Teupah
110940126,1109,02°39'18.28" N 096°07'21.81" E,0,0,Pulau Tiga Barat
110940127,1109,02°39'12.01" N 096°07'31.53" E,0,0,Pulau Tiga Selatan
110940128,1109,02°39'30.00" N 096°07'27.79" E,0,0,Pulau Tiga Utara
110940129,1109,02°50'39.00" N 095°57'51.00" E,0,0,Pulau Tinggi
110940130,1109,02°39'05.00" N 096°07'04.00" E,0,0,Pulau Toko
110940131,1109,02°39'16.14" N 096°07'23.69" E,0,0,Pulau Toko
110940132,1109,02°33'05.83" N 096°21'36.46" E,0,0,Pulau Tufabete
110940133,1109,02°34'07.33" N 096°21'36.91" E,0,0,Pulau Tufakei
110940134,1109,02°31'21.11" N 096°21'26.27" E,0,0,Pulau Tupa Besar
110940135,1109,02°31'32.18" N 096°21'21.01" E,0,0,Pulau Tupa Kecil
110940136,1109,02°39'11.99" N 096°07'50.99" E,0,0,Pulau Tupai
110940137,1109,02°50'31.81" N 095°47'14.41" E,0,0,Pulau Tupai
110940138,1109,02°39'02.80" N 096°07'48.94" E,0,0,Pulau Tupai Selatan
110940139,1109,02°29'35.16" N 096°23'46.12" E,0,0,Pulau Ujung Klerek Sebeul
110940140,1109,02°29'25.18" N 096°23'49.17" E,0,0,Pulau Ujung Klerek Sitok
110940141,1109,02°30'17.03" N 096°23'03.59" E,0,0,Pulau Ujung Linggi
110940142,1109,02°39'10.99" N 096°08'40.20" E,0,0,Pulau Ujung Suak
110940143,1109,02°38'54.29" N 096°07'44.27" E,0,0,Pulau Ujung Tupai
110940144,1109,02°23'03.03" N 096°19'57.26" E,0,0,Pulau Ulau Fatuhek
111040001,1110,02°15'43.99" N 097°19'45.00" E,0,0,Pulau Asok
111040002,1110,02°17'33.00" N 097°24'10.00" E,1,0,Pulau Baguk
111040003,1110,02°18'13.00" N 097°24'27.00" E,1,0,Pulau Balai
111040004,1110,02°18'07.99" N 097°14'42.00" E,0,0,Pulau Balong
111040005,1110,02°04'10.99" N 097°06'56.99" E,0,0,Pulau Bangkaru
111040006,1110,02°06'23.71" N 097°21'07.53" E,0,0,Pulau Baronik
111040007,1110,02°06'22.71" N 097°05'15.73" E,0,0,Pulau Batubangkaru
111040008,1110,02°14'10.82" N 097°10'07.79" E,0,0,Pulau Batulanting
111040009,1110,02°03'29.00" N 097°21'10.00" E,0,0,Pulau Bekhu
111040010,1110,02°16'49.00" N 097°20'26.00" E,0,0,Pulau Biawak
111040011,1110,02°11'20.00" N 098°02'16.00" E,0,0,Pulau Birahan
111040012,1110,02°06'46.18" N 097°21'02.23" E,0,0,Pulau Buaya
111040013,1110,02°12'49.00" N 097°12'33.99" E,0,0,Pulau Busung Besar
111040014,1110,02°12'51.84" N 097°12'29.74" E,0,0,Pulau Busung Kecil
111040015,1110,02°15'54.46" N 097°47'50.04" E,0,0,Pulau Cemara
111040016,1110,02°11'12.99" N 097°19'36.99" E,0,0,Pulau Dua
111040017,1110,02°16'31.00" N 097°56'13.99" E,1,0,Pulau Gosongtelaga
111040018,1110,02°12'58.69" N 097°18'11.04" E,0,0,Pulau Inakuri
111040019,1110,02°22'58.84" N 097°33'41.99" E,0,0,Pulau Jawijawi
111040020,1110,02°22'50.59" N 097°51'12.99" E,0,0,Pulau Keder
111040021,1110,02°17'34.00" N 097°46'01.02" E,1,0,Pulau Kilangan
111040022,1110,02°29'22.48" N 097°51'15.12" E,0,0,Pulau Ladangbisik
111040023,1110,02°14'52.00" N 097°20'34.00" E,0,0,Pulau Lambudung
111040024,1110,02°15'27.00" N 097°12'29.00" E,0,0,Pulau Lamun
111040025,1110,02°13'58.07" N 097°14'34.53" E,0,0,Pulau Lasawun
111040026,1110,02°15'19.00" N 097°17'57.00" E,0,0,Pulau Laurek
111040027,1110,02°14'34.62" N 097°12'35.76" E,0,0,Pulau Linau
111040028,1110,02°18'09.00" N 097°13'54.99" E,0,0,Pulau Madang
111040029,1110,02°15'19.00" N 097°11'08.99" E,0,0,Pulau Madangkati
111040030,1110,02°15'19.07" N 097°25'19.51" E,0,0,Pulau Malelo
111040031,1110,02°17'07.00" N 097°15'11.99" E,0,0,Pulau Matahari
111040032,1110,02°24'55.00" N 097°51'04.00" E,0,0,Pulau Mbelen
111040033,1110,02°15'36.79" N 097°17'12.31" E,0,0,Pulau Melila
111040034,1110,02°28'47.36" N 097°50'04.49" E,0,0,Pulau Muarapea
111040035,1110,02°16'00.23" N 097°14'39.45" E,0,0,Pulau Nago
111040036,1110,02°04'36.99" N 097°20'44.99" E,0,0,Pulau Nibung
111040037,1110,02°16'45.99" N 097°16'16.00" E,0,0,Pulau Orongan
111040038,1110,02°11'47.00" N 097°19'37.99" E,0,0,Pulau Pabandah
111040039,1110,02°14'28.00" N 097°18'40.00" E,0,0,Pulau Pabisi
111040040,1110,02°14'13.27" N 097°16'21.69" E,0,0,Pulau Pandan
111040041,1110,02°16'21.00" N 097°24'42.00" E,0,0,Pulau Panjang
111040042,1110,02°15'53.79" N 097°46'46.66" E,0,0,Pulau Pasitangah
111040043,1110,02°10'28.99" N 097°26'08.00" E,0,0,Pulau Pelambak Besar
111040044,1110,02°10'44.00" N 097°27'49.00" E,0,0,Pulau Pelambak Kecil
111040045,1110,02°20'51.97" N 097°51'25.18" E,1,0,Pulau Pemuka
111040046,1110,02°04'13.00" N 097°20'57.00" E,0,0,Pulau Penerusan Selatan
111040047,1110,02°04'23.00" N 097°20'53.99" E,0,0,Pulau Penerusan Utara
111040048,1110,02°02'22.99" N 097°23'21.99" E,0,0,Pulau Pinang
111040049,1110,02°14'57.62" N 097°47'32.40" E,0,0,Pulau Pisang
111040050,1110,02°15'23.00" N 097°14'51.00" E,0,0,Pulau Ragorago
111040051,1110,02°14'30.00" N 097°25'32.00" E,0,0,Pulau Rangit Besar
111040052,1110,02°14'35.00" N 097°26'06.00" E,0,0,Pulau Rangit Kecil
111040053,1110,02°12'21.44" N 097°19'02.62" E,0,0,Pulau Rubi
111040054,1110,02°12'34.99" N 097°12'42.99" E,0,0,Pulau Rungpao
111040055,1110,02°15'02.17" N 097°15'28.04" E,0,0,Pulau Sagusagu
111040056,1110,02°29'18.66" N 097°51'05.72" E,0,0,Pulau Samardua
111040057,1110,02°07'50.99" N 097°21'04.00" E,0,0,Pulau Samut
111040058,1110,02°10'05.99" N 097°19'53.00" E,0,0,Pulau Sanglat
111040059,1110,01°58'53.00" N 097°23'04.99" E,0,0,Pulau Sarangalu
111040060,1110,02°04'09.99" N 097°21'18.00" E,1,0,Pulau Saranggantong
111040061,1110,02°15'59.89" N 097°47'58.96" E,0,0,Pulau Sarok
111040062,1110,02°10'55.74" N 097°19'22.76" E,0,0,Pulau Sarombang
111040063,1110,02°06'56.00" N 097°20'39.00" E,0,0,Pulau Sianjai
111040064,1110,02°18'02.99" N 097°18'38.99" E,0,0,Pulau Sikandang
111040065,1110,02°13'57.00" N 097°13'14.00" E,0,0,Pulau Simok
111040066,1110,02°14'35.34" N 097°12'37.35" E,0,0,Pulau Sinanda
111040067,1110,02°15'59.76" N 097°47'18.23" E,0,0,Pulau Sipakek
111040068,1110,02°19'41.95" N 097°49'47.53" E,0,0,Pulau Solokaceh
111040069,1110,02°14'28.06" N 097°16'02.41" E,0,0,Pulau Subang
111040070,1110,02°14'35.99" N 097°16'32.99" E,0,0,Pulau Tabalah
111040071,1110,02°16'05.99" N 097°16'59.99" E,0,0,Pulau Tabalau
111040072,1110,02°13'27.99" N 097°13'34.00" E,0,0,Pulau Tabalo
111040073,1110,02°16'40.00" N 097°13'52.00" E,0,0,Pulau Tailana
111040074,1110,02°19'14.99" N 097°13'28.99" E,0,0,Pulau Tambarat
111040075,1110,02°17'48.00" N 097°25'23.00" E,0,0,Pulau Tapuitapui
111040076,1110,02°20'00.60" N 097°47'22.38" E,0,0,Pulau Telukrumbia
111040077,1110,02°10'50.00" N 097°16'16.00" E,1,0,Pulau Tuangku
111040078,1110,02°15'41.00" N 097°17'31.99" E,0,0,Pulau Tugu
111040079,1110,02°20'33.00" N 097°23'57.99" E,1,0,Pulau Ujungbatu
111040080,1110,02°02'33.00" N 097°20'17.99" E,0,0,Pulau Ujunglolok
111440001,1114,04°36'40.95" N 095°35'06.60" E,0,0,Pulau Baaloen
111440002,1114,04°36'55.00" N 095°34'27.00" E,0,0,Pulau Batee
111440003,1114,04°48'27.67" N 095°26'15.13" E,0,0,Pulau Batee Pageu
111440004,1114,04°41'09.84" N 095°31'12.19" E,0,0,Pulau Bateeburouk
111440005,1114,04°43'14.91" N 095°28'52.98" E,0,0,Pulau Bateepenjaba
111440006,1114,04°41'12.87" N 095°30'32.21" E,0,0,Pulau Bateeperling
111440007,1114,04°38'06.83" N 095°31'17.41" E,0,0,Pulau Bateerigah
111440008,1114,04°38'49.09" N 095°34'57.25" E,0,0,Pulau Bateetutong
111440009,1114,04°38'09.13" N 095°31'14.28" E,0,0,Pulau Bateeuleegajah
111440010,1114,04°36'45.00" N 095°34'57.00" E,0,0,Pulau Blekoh
111440011,1114,04°43'17.36" N 095°30'13.85" E,0,0,Pulau Cut
111440012,1114,04°43'15.01" N 095°30'07.79" E,0,0,Pulau Cut Barat
111440013,1114,04°38'33.00" N 095°33'52.99" E,0,0,Pulau Enggang
111440014,1114,05°07'39.00" N 095°17'26.99" E,0,0,Pulau Keluang
111440015,1114,04°48'32.00" N 095°25'38.78" E,0,0,Pulau Khek
111440016,1114,04°46'22.00" N 095°26'55.00" E,0,0,Pulau Kreueh
111440017,1114,04°44'14.33" N 095°29'45.42" E,0,0,Pulau Krumo
111440018,1114,04°53'53.81" N 095°23'49.92" E,0,0,Pulau Lhok Geupaleeh
111440019,1114,05°00'50.21" N 095°21'00.46" E,0,0,Pulau Lipan
111440020,1114,04°52'34.11" N 095°21'51.00" E,1,1,Pulau Mane
111440021,1114,04°43'22.00" N 095°30'13.00" E,0,0,Pulau Paling
111440022,1114,04°36'38.99" N 095°34'56.69" E,0,0,Pulau Pasi
111440023,1114,04°39'09.45" N 095°33'42.03" E,0,0,Pulau Pegasih
111440024,1114,04°43'22.00" N 095°29'17.99" E,0,0,Pulau Penjaba Besar
111440025,1114,04°43'22.99" N 095°29'05.82" E,0,0,Pulau Penjaba Kecil
111440026,1114,04°42'18.68" N 095°30'27.52" E,0,0,Pulau Perling Cut
111440027,1114,04°41'16.58" N 095°30'23.27" E,0,0,Pulau Perling Cut Barat
111440028,1114,04°41'12.94" N 095°30'23.86" E,0,0,Pulau Perling Cut Timur
111440029,1114,04°41'15.06" N 095°30'36.83" E,0,0,Pulau Perling Rayeuk
111440030,1114,04°47'15.68" N 095°26'52.49" E,0,0,Pulau Pingi
111440031,1114,04°37'03.23" N 095°34'24.97" E,0,0,Pulau Punyi
111440032,1114,04°52'12.00" N 095°22'44.00" E,1,1,Pulau Raya
111440033,1114,04°36'38.64" N 095°34'05.35" E,0,0,Pulau Renggah
111440034,1114,04°38'39.09" N 095°33'26.19" E,0,0,Pulau Reusam
111440035,1114,04°38'16.00" N 095°31'13.00" E,0,0,Pulau Rigah
111440036,1114,04°39'04.00" N 095°34'21.00" E,0,0,Pulau Sidom
111440037,1114,04°40'12.96" N 095°31'56.21" E,0,0,Pulau Tengkumeusa
111440038,1114,04°37'06.13" N 095°34'21.33" E,0,0,Pulau Tengkuusman
111440039,1114,04°37'01.48" N 095°34'32.61" E,0,0,Pulau Tuloo
111440040,1114,04°41'07.55" N 095°30'36.57" E,0,0,Pulau Tumae
111440041,1114,05°04'53.54" N 095°18'23.02" E,0,0,Pulau Ujoeng Geunteeng
111440042,1114,04°39'14.00" N 095°32'24.00" E,0,0,Pulau Ujongbaroh
111440043,1114,05°06'54.00" N 095°17'26.00" E,0,0,Pulau Ujongsudhen
111540001,1115,03°51'38.21" N 096°22'56.44" E,0,0,Pulau Dama
111540002,1115,03°51'36.45" N 096°22'53.78" E,0,0,Pulau Rusa
111540003,1115,03°51'34.10" N 096°22'56.48" E,0,0,Pulau Singgah Mata
111540004,1115,03°58'34.00" N 096°28'39.99" E,0,0,Pulau Uleegunong
111640001,1116,04°25'41.33" N 098°13'44.38" E,1,0,Pulau Aluenireh Barat
111640002,1116,04°25'31.04" N 098°14'52.60" E,0,0,Pulau Aluenireh Timur
111640003,1116,04°19'33.90" N 098°17'09.82" E,0,0,Pulau Besingtinggi
111640004,1116,04°26'28.62" N 098°13'38.75" E,0,0,Pulau Kualagenting
111640005,1116,04°25'47.06" N 098°15'40.59" E,1,0,Pulau Kualapenaga
111640006,1116,04°24'28.65" N 098°17'00.46" E,0,0,Pulau Pulausekai
111640007,1116,04°23'45.95" N 098°17'06.99" E,0,0,Pulau Pusongcium
111640008,1116,04°26'04.94" N 098°15'09.45" E,0,0,Pulau Pusongketapang
111640009,1116,04°30'35.28" N 098°08'50.46" E,0,0,Pulau Rukui
117140001,1171,05°34'04.71" N 095°18'07.56" E,0,0,Pulau Biawak
117240001,1172,06°03'45.02" N 095°06'50.10" E,0,0,Pulau Batu Kembar
117240002,1172,06°03'46.37" N 095°06'49.59" E,0,0,Pulau Batu Runcing
117240003,1172,06°03'33.89" N 095°06'54.72" E,0,0,Pulau Batu Tengah
117240004,1172,06°03'35.77" N 095°06'52.16" E,0,0,Pulau Batulah Selatan
117240005,1172,06°03'42.28" N 095°06'51.94" E,0,0,Pulau Batulah Tengah
117240006,1172,06°03'45.55" N 095°06'51.26" E,0,0,Pulau Batulah Utara
117240007,1172,05°52'34.00" N 095°18'41.00" E,0,0,Pulau Klah
117240008,1172,06°04'27.00" N 095°07'03.00" E,0,1,Pulau Rondo
117240009,1172,06°03'30.15" N 095°06'43.71" E,0,0,Pulau Rondo Selatan
117240010,1172,05°52'59.00" N 095°15'28.00" E,0,0,Pulau Rubiah
117240011,1172,05°53'41.84" N 095°15'14.06" E,0,0,Pulau Seulako
117240012,1172,06°03'20.51" N 095°07'00.80" E,0,0,Pulau Ujung Ba'U
117240013,1172,05°50'05.47" N 095°18'47.76" E,1,1,Pulau Weh
117440001,1174,04°33'06.99" N 098°03'56.00" E,1,0,Pulau Pusoeng
117440002,1174,04°31'54.17" N 098°05'03.95" E,0,0,Pulau Pusong Salam
117440003,1174,04°32'11.00" N 098°02'19.00" E,0,0,Pulau Rawa Cut
117440004,1174,04°32'30.00" N 098°02'43.00" E,0,0,Pulau Rawa Rayeuk
117440005,1174,04°33'31.86" N 098°03'34.64" E,0,0,Pulau Telagatujoeh
117540001,1175,02°47'14.32" N 097°50'55.31" E,0,0,Pulau Buluhcarak
117540002,1175,02°44'04.99" N 097°48'06.99" E,0,0,Pulau Geruguh
117540003,1175,02°48'25.99" N 097°52'39.00" E,0,0,Pulau Jabijabi
117540004,1175,02°44'43.19" N 097°48'09.33" E,0,0,Pulau Kualakepeng Kedep
117540005,1175,02°44'25.00" N 097°47'35.99" E,0,0,Pulau Kualakepeng Mbelen
117540006,1175,02°46'09.92" N 097°49'28.39" E,0,0,Pulau Tualang Kedep
117540007,1175,02°46'14.71" N 097°50'14.63" E,0,0,Pulau Tualang Mbelen
120040001,1200,01°45'42.58" N 098°45'09.03" E,0,0,Pulau Babi
120040002,1200,01°28'36.99" N 098°10'41.00" E,1,0,Pulau Bintanah
120040003,1200,02°59'13.99" N 099°48'11.99" E,0,0,Pulau Buaya
120040004,1200,01°04'04.55" N 097°36'03.35" E,1,0,Pulau Nias
120040005,1200,01°45'08.28" N 098°44'51.44" E,0,0,Pulau Panjang
120040006,1200,01°42'38.00" N 098°45'51.99" E,1,0,Pulau Poncan Gadang
120040007,1200,01°43'49.30" N 098°45'12.99" E,1,0,Pulau Poncan Ketek
120040008,1200,02°57'49.00" N 099°48'46.00" E,0,0,Pulau Tuantahir
120140001,1201,01°34'37.99" N 098°43'04.00" E,1,0,Pulau Bakar
120140002,1201,01°40'54.17" N 098°32'51.53" E,0,0,Pulau Bangke
120140003,1201,01°40'52.07" N 098°32'57.93" E,0,0,Pulau Batuhitam
120140004,1201,01°33'53.74" N 098°34'24.95" E,0,0,Pulau Batulayar
120140005,1201,01°33'53.42" N 098°34'21.56" E,0,0,Pulau Batumandi
120140006,1201,01°50'44.99" N 098°01'36.99" E,0,0,Pulau Dundun
120140007,1201,01°39'13.15" N 098°30'47.00" E,0,0,Pulau Jambe
120140008,1201,01°38'30.99" N 098°36'09.00" E,0,0,Pulau Janggi
120140009,1201,01°34'26.00" N 098°31'45.99" E,0,0,Pulau Kalimantung Nagodang
120140010,1201,01°33'39.93" N 098°34'35.85" E,0,0,Pulau Kalimantung Namenek
120140011,1201,01°58'23.00" N 098°21'09.00" E,0,0,Pulau Karang
120140012,1201,01°39'29.26" N 098°30'50.87" E,0,0,Pulau Karang Jambe
120140013,1201,02°07'14.17" N 098°09'43.40" E,0,0,Pulau Lipan
120140014,1201,01°34'10.65" N 098°43'04.17" E,0,0,Pulau Lipatkain
120140015,1201,02°08'48.99" N 098°07'28.99" E,0,0,Pulau Mangkir Gadang
120140016,1201,02°08'22.60" N 098°08'38.62" E,0,0,Pulau Mangkir Ketek
120140017,1201,01°38'15.00" N 098°31'32.99" E,1,0,Pulau Mursala
120140018,1201,01°56'15.00" N 098°29'53.99" E,0,0,Pulau Pane
120140019,1201,02°05'43.00" N 098°10'40.00" E,0,0,Pulau Panjang
120140020,1201,01°46'13.19" N 098°44'29.65" E,1,0,Pulau Porlak
120140021,1201,01°39'46.88" N 098°34'52.15" E,0,0,Pulau Pune
120140022,1201,01°38'42.00" N 098°35'51.00" E,1,0,Pulau Puti
120140023,1201,01°34'23.99" N 098°35'08.00" E,0,0,Pulau Silabulabu Godang
120140024,1201,01°34'47.86" N 098°36'32.28" E,0,0,Pulau Silabulabu Namenek
120140025,1201,01°36'00.59" N 098°34'27.03" E,1,0,Pulau Sitaban Barat
120140026,1201,01°35'14.84" N 098°41'51.09" E,0,0,Pulau Situngkus
120140027,1201,01°51'06.40" N 098°32'45.14" E,0,0,Pulau Sorkam
120140028,1201,01°37'08.00" N 098°35'16.00" E,1,0,Pulau Talam
120140029,1201,01°34'44.00" N 098°36'04.00" E,0,0,Pulau Tarida
120140030,1201,01°34'39.50" N 098°36'05.20" E,0,0,Pulau Tarida Menek
120140031,1201,01°34'28.99" N 098°45'33.00" E,1,0,Pulau Ungge
120240001,1202,02°21'36.00" N 098°54'00.00" E,1,0,Pulau Sibandang
120440001,1204,01°04'46.99" N 097°55'46.99" E,0,0,Pulau Musi
120440002,1204,01°04'32.00" N 097°54'14.00" E,0,0,Pulau Onolimbu
120440003,1204,00°54'31.79" N 098°01'08.68" E,0,0,Pulau Somambawa
120440004,1204,01°01'28.36" N 097°57'16.83" E,1,0,Pulau Zbma Sebua
120440005,1204,01°01'21.00" N 097°57'56.00" E,0,0,Pulau Zima Siideide
120540001,1205,03°56'30.87" N 098°34'05.02" E,0,0,Pulau Jaring Halus
120540002,1205,04°13'45.00" N 098°13'48.00" E,1,0,Pulau Kampai
120540003,1205,04°06'57.17" N 098°11'59.41" E,0,0,Pulau Kera
120540004,1205,03°54'07.80" N 098°38'04.60" E,0,0,Pulau Kwala
120540005,1205,04°00'27.75" N 098°29'29.53" E,0,0,Pulau Pangkalan Biduk
120540006,1205,04°07'22.00" N 098°11'48.99" E,1,0,Pulau Panjang
120540007,1205,03°54'09.37" N 098°39'34.94" E,0,0,Pulau Pusung
120540008,1205,04°07'49.00" N 098°11'24.00" E,0,0,Pulau Rawa
120540009,1205,04°09'20.00" N 098°15'19.00" E,0,0,Pulau Sambilan
120540010,1205,04°00'09.00" N 098°23'39.00" E,1,0,Pulau Selingkar
120740001,1207,03°46'39.69" N 098°39'39.10" E,0,0,Pulau Beting Sabut
120840001,1208,02°43'46.99" N 098°51'51.99" E,0,0,Pulau Ole
120940001,1209,02°55'57.38" N 099°49'58.21" E,0,0,Pulau Nyiur
120940002,1209,02°55'42.36" N 099°49'21.55" E,0,0,Pulau Siatan
120940003,1209,02°54'42.45" N 099°49'10.30" E,0,0,Pulau Sigurtap
121040001,1210,02°34'45.00" N 099°59'16.00" E,0,0,Pulau Batuah
121040002,1210,02°36'15.99" N 100°01'23.00" E,0,0,Pulau Burung
121040003,1210,02°35'21.99" N 100°06'52.99" E,1,0,Pulau Ongah Labuhan
121040004,1210,02°35'37.00" N 100°00'01.00" E,0,0,Pulau Porling
121040005,1210,02°35'06.00" N 100°00'32.00" E,0,0,Pulau Sarimas
121040006,1210,02°30'32.00" N 100°09'41.00" E,1,0,Pulau Sikantan
121340001,1213,01°13'14.59" N 098°51'40.63" E,0,0,Pulau Batuajung
121340002,1213,00°21'03.32" N 099°06'40.37" E,0,0,Pulau Batubaniang
121340003,1213,00°20'54.94" N 099°06'36.16" E,0,0,Pulau Batumandi
121340004,1213,00°50'49.39" N 098°58'14.72" E,0,0,Pulau Baturusa Ketek
121340005,1213,00°20'46.55" N 099°06'29.13" E,0,0,Pulau Batutongga
121340006,1213,00°21'02.24" N 099°06'44.23" E,0,0,Pulau Batuubi
121340007,1213,00°50'50.26" N 098°58'13.12" E,0,0,Pulau Baurusa Gadang
121340008,1213,00°45'43.21" N 099°02'24.60" E,0,0,Pulau Buayo
121340009,1213,00°45'53.80" N 099°02'15.69" E,0,0,Pulau Gadang
121340010,1213,01°16'13.00" N 098°49'18.99" E,1,0,Pulau Ilik
121340011,1213,00°46'43.00" N 099°00'22.00" E,0,0,Pulau Ingawan
121340012,1213,00°45'34.21" N 099°02'40.31" E,0,0,Pulau Kaderui
121340013,1213,00°38'38.71" N 099°02'38.22" E,0,0,Pulau Kapecong
121340014,1213,00°16'04.00" N 099°08'57.00" E,0,0,Pulau Karonggo
121340015,1213,00°46'27.34" N 099°02'20.85" E,0,0,Pulau Ketek
121340016,1213,00°51'38.00" N 098°56'39.00" E,0,0,Pulau Labu
121340017,1213,00°53'14.01" N 098°54'06.03" E,0,0,Pulau Marompak
121340018,1213,00°42'38.99" N 099°02'57.00" E,0,0,Pulau Palintangan
121340019,1213,00°15'49.64" N 099°08'11.53" E,0,0,Pulau Rubiah
121340020,1213,00°51'42.00" N 098°56'58.99" E,0,0,Pulau Sadakah
121340021,1213,00°44'02.00" N 099°01'32.00" E,0,0,Pulau Taluo
121340022,1213,00°21'54.00" N 099°05'53.00" E,1,0,Pulau Tamang
121340023,1213,00°52'32.09" N 098°55'17.92" E,0,0,Pulau Tangah
121340024,1213,00°36'39.68" N 099°03'33.21" E,0,0,Pulau Ungge
121440001,1214,00°01'16.00" S 098°27'05.00" E,0,0,Pulau Adam
121440002,1214,00°10'31.21" N 098°48'40.62" E,0,0,Pulau Anak Pinang
121440003,1214,00°06'37.00" S 098°17'04.99" E,0,0,Pulau Asu
121440004,1214,00°03'07.99" S 098°31'52.00" E,1,0,Pulau Bais
121440005,1214,00°01'16.00" N 098°12'51.99" E,0,0,Pulau Balikhi
121440006,1214,00°05'39.99" S 098°21'37.00" E,0,0,Pulau Balogiasite
121440007,1214,00°03'14.29" S 098°19'10.89" E,0,0,Pulau Baohi
121440008,1214,00°18'34.99" S 098°24'33.99" E,1,0,Pulau Barogan
121440009,1214,00°01'09.99" N 098°38'34.00" E,0,0,Pulau Basake Sebua
121440010,1214,00°00'45.08" N 098°36'39.20" E,0,0,Pulau Basake Seideide
121440011,1214,00°18'25.43" S 098°24'28.55" E,0,0,Pulau Batuapi Sebua
121440012,1214,00°18'24.94" S 098°24'34.10" E,0,0,Pulau Batuapi Sideide
121440013,1214,00°03'55.00" S 098°18'02.99" E,1,0,Pulau Batumakele
121440014,1214,00°34'06.01" N 097°41'54.17" E,0,0,Pulau Batumandi
121440015,1214,00°03'27.00" N 098°14'03.99" E,1,0,Pulau Biang
121440016,1214,00°06'19.00" S 098°13'27.99" E,1,0,Pulau Bintuang
121440017,1214,00°36'52.99" S 098°30'18.00" E,0,0,Pulau Boji
121440018,1214,00°03'38.35" S 098°19'53.67" E,0,0,Pulau Buni
121440019,1214,00°03'52.99" S 098°27'46.00" E,0,0,Pulau Bunijikho
121440020,1214,00°51'35.69" N 097°32'48.39" E,0,0,Pulau Faro'A
121440021,1214,00°04'28.99" S 098°21'34.99" E,0,0,Pulau Gabaya
121440022,1214,00°03'12.04" S 098°19'33.28" E,0,0,Pulau Hachina
121440023,1214,00°05'54.20" S 098°15'42.23" E,1,0,Pulau Hayo
121440024,1214,00°27'22.00" S 098°30'58.00" E,0,0,Pulau Hibao Sebua
121440025,1214,00°27'41.77" S 098°31'07.40" E,0,0,Pulau Hibao Sideide
121440026,1214,00°29'49.99" S 098°31'17.00" E,0,0,Pulau Horasa
121440027,1214,00°00'30.82" S 098°14'40.70" E,0,0,Pulau Hulo Batu
121440028,1214,00°04'14.00" N 098°38'07.00" E,0,0,Pulau Jimase
121440029,1214,00°19'54.99" S 098°34'32.99" E,0,0,Pulau Karanganjing
121440030,1214,00°02'06.00" N 098°37'23.00" E,0,0,Pulau Kasi
121440031,1214,00°05'24.25" N 098°57'01.74" E,0,0,Pulau Kasi Timur
121440032,1214,00°05'37.00" S 098°30'19.00" E,0,0,Pulau Katadok
121440033,1214,00°10'18.94" N 098°47'15.10" E,0,0,Pulau Ki'I-Ki'I
121440034,1214,00°01'58.00" N 098°27'31.00" E,0,0,Pulau Laga
121440035,1214,00°06'36.67" S 098°28'38.27" E,0,0,Pulau Lahene
121440036,1214,00°02'26.99" S 098°26'08.99" E,0,0,Pulau Lajohene
121440037,1214,00°06'41.00" S 098°30'47.99" E,0,0,Pulau Lalibo
121440038,1214,00°10'21.00" S 098°34'04.00" E,0,0,Pulau Latoega
121440039,1214,00°00'02.99" N 098°13'25.00" E,1,0,Pulau Lorang
121440040,1214,00°01'36.00" S 098°15'27.00" E,0,0,Pulau Lulua
121440041,1214,00°06'24.00" S 098°29'25.00" E,1,0,Pulau Maha
121440042,1214,00°16'00.99" S 098°23'07.00" E,1,0,Pulau Makole
121440043,1214,00°47'06.00" N 097°37'36.00" E,0,0,Pulau Maole Sabua
121440044,1214,00°47'07.36" N 097°37'34.18" E,0,0,Pulau Maole Sideide
121440045,1214,00°43'50.18" N 097°38'48.01" E,0,0,Pulau Maole Tengah
121440046,1214,00°43'23.01" N 097°39'12.64" E,0,0,Pulau Maole Ujung
121440047,1214,00°00'09.00" N 098°14'46.00" E,1,0,Pulau Marit
121440048,1214,00°02'44.00" S 098°29'46.00" E,1,0,Pulau Masa
121440049,1214,00°03'02.00" N 098°17'55.00" E,1,0,Pulau Memong
121440050,1214,00°28'37.99" S 098°31'07.00" E,0,0,Pulau Nujagia
121440051,1214,00°06'29.36" S 098°17'18.05" E,0,0,Pulau Nujakali
121440052,1214,00°19'33.26" S 098°30'56.65" E,0,0,Pulau Nujalalai
121440053,1214,00°23'42.00" S 098°32'01.00" E,0,0,Pulau Nujambolo
121440054,1214,00°06'39.09" S 098°17'08.09" E,0,0,Pulau Nujaohi
121440055,1214,00°06'55.23" S 098°17'00.61" E,0,0,Pulau Owo
121440056,1214,00°05'33.00" S 098°18'33.00" E,0,0,Pulau Pentamuan
121440057,1214,00°08'35.99" S 098°31'26.00" E,0,0,Pulau Pinang
121440058,1214,00°07'44.00" N 098°42'02.00" E,1,0,Pulau Pini
121440059,1214,00°06'16.99" S 098°18'37.00" E,0,0,Pulau Pono
121440060,1214,00°14'01.00" S 098°24'14.00" E,1,0,Pulau Samaleko
121440061,1214,00°02'57.99" N 098°55'48.00" E,0,0,Pulau Sambulale
121440062,1214,00°03'14.12" N 098°17'25.57" E,0,0,Pulau Sapuraga
121440063,1214,00°06'10.00" S 098°17'06.00" E,0,0,Pulau Sibaranu
121440064,1214,00°02'20.00" S 098°15'24.99" E,0,0,Pulau Sibele
121440065,1214,00°09'02.22" S 098°32'53.26" E,0,0,Pulau Sibohou
121440066,1214,00°11'16.00" S 098°31'05.00" E,0,0,Pulau Sifanana Sebua
121440067,1214,00°10'35.00" S 098°30'29.00" E,0,0,Pulau Sifanana Sideide
121440068,1214,00°07'25.00" S 098°11'42.00" E,0,0,Pulau Sigata
121440069,1214,00°31'54.99" S 098°30'09.00" E,0,0,Pulau Sigolonggolong
121440070,1214,00°23'56.00" S 098°30'32.00" E,0,0,Pulau Simakonde
121440071,1214,00°10'14.00" S 098°24'38.00" E,0,0,Pulau Simondang
121440072,1214,00°04'43.00" S 097°52'22.00" E,1,1,Pulau Simuk
121440073,1214,00°06'38.00" S 098°19'39.00" E,1,0,Pulau Sipika
121440074,1214,00°17'12.99" S 098°29'24.00" E,0,0,Pulau Sorobuna
121440075,1214,00°03'11.99" N 098°12'51.00" E,0,0,Pulau Tagaga
121440076,1214,00°20'13.99" S 098°30'42.99" E,0,0,Pulau Tagawa Sebua
121440077,1214,00°20'07.00" S 098°30'28.00" E,0,0,Pulau Tagawa Sideide
121440078,1214,00°24'54.00" S 098°26'29.00" E,1,0,Pulau Tanabala
121440079,1214,00°08'44.99" S 098°26'22.99" E,1,0,Pulau Tanahmasa
121440080,1214,00°04'14.00" S 098°35'57.00" E,0,0,Pulau Tareba Sebua
121440081,1214,00°03'58.00" S 098°36'38.00" E,0,0,Pulau Tareba Seideide
121440082,1214,00°03'28.00" S 098°16'54.99" E,1,0,Pulau Tello
121440083,1214,00°12'51.00" S 098°23'12.00" E,0,0,Pulau Telotelo Sebua
121440084,1214,00°11'48.99" S 098°22'22.00" E,0,0,Pulau Telotelo Sideide
121440085,1214,00°23'07.14" S 098°31'18.53" E,0,0,Pulau Tofu
121440086,1214,00°01'52.00" N 098°55'45.99" E,0,0,Pulau Tolong
121440087,1214,00°05'22.99" N 098°53'46.00" E,0,0,Pulau Ular
121640001,1216,02°20'31.99" N 098°49'23.99" E,0,0,Pulau Simamora
121740001,1217,02°45'28.18" N 098°44'38.44" E,0,0,Pulau Malau Dua
121740002,1217,02°45'47.00" N 098°44'29.00" E,1,0,Pulau Malau Satu
121740003,1217,02°34'46.62" N 098°48'50.12" E,1,0,Pulau Samosir
121740004,1217,02°42'45.46" N 098°48'46.31" E,0,0,Pulau Tolping
121740005,1217,02°38'37.00" N 098°38'43.00" E,1,0,Pulau Tulas
121840001,1218,03°46'23.99" N 099°29'57.99" E,1,1,Pulau Berhala
121840002,1218,03°46'52.74" N 099°29'29.10" E,0,0,Pulau Sokongsiembang
121940001,1219,03°25'14.00" N 099°45'28.00" E,0,0,Pulau Pandang
121940002,1219,03°20'30.00" N 099°43'22.00" E,0,0,Pulau Salahnama
122340001,1223,02°45'09.00" N 100°01'45.50" E,0,0,Pulau Boting Tongah
122340002,1223,02°45'51.74" N 100°01'41.54" E,0,0,Pulau Tuahmeng
122440001,1224,01°27'16.76" N 097°15'15.09" E,0,0,Pulau Alifa
122440002,1224,01°24'17.90" N 097°12'09.81" E,0,0,Pulau Ganeu
122440003,1224,01°25'01.93" N 097°13'36.23" E,0,0,Pulau Git
122440004,1224,01°25'39.42" N 097°04'33.34" E,0,0,Pulau Goso
122440005,1224,01°25'31.65" N 097°10'12.85" E,0,0,Pulau Gosobaohi
122440006,1224,01°25'46.43" N 097°15'29.78" E,0,0,Pulau Gosoene
122440007,1224,01°25'05.99" N 097°10'28.99" E,0,0,Pulau Gosolahewa
122440008,1224,01°27'49.02" N 097°12'03.99" E,0,0,Pulau Gosouma
122440009,1224,01°25'22.00" N 097°15'56.00" E,0,0,Pulau Kao
122440010,1224,01°25'21.00" N 097°13'05.99" E,0,0,Pulau Lafau
122440011,1224,01°26'26.00" N 097°13'50.00" E,0,0,Pulau Makora
122440012,1224,01°24'58.00" N 097°13'54.00" E,0,0,Pulau Mao
122440013,1224,01°21'23.00" N 097°06'20.00" E,0,0,Pulau Mause
122440014,1224,01°41'57.99" N 097°26'44.00" E,1,0,Pulau Sarangbaung
122440015,1224,01°27'38.99" N 097°14'44.99" E,0,0,Pulau Senau
122440016,1224,01°27'52.52" N 097°12'36.38" E,0,0,Pulau Sideide
122440017,1224,01°25'41.89" N 097°14'35.82" E,0,0,Pulau Taliwa'A
122440018,1224,01°15'15.62" N 097°14'05.60" E,0,0,Pulau Uma
122440019,1224,01°13'39.00" N 097°05'11.00" E,1,1,Pulau Wunga
122540001,1225,00°54'19.06" N 097°16'31.75" E,0,0,Pulau Asu
122540002,1225,00°49'31.80" N 097°20'54.97" E,1,0,Pulau Bawa
122540003,1225,00°51'15.00" N 097°22'27.99" E,1,0,Pulau Bogi
122540004,1225,00°53'03.99" N 097°32'37.00" E,0,0,Pulau Fari'I
122540005,1225,00°50'21.99" N 097°22'46.99" E,0,0,Pulau Hamutala
122540006,1225,00°52'00.00" N 097°17'12.00" E,0,0,Pulau Heruwanga
122540007,1225,00°52'04.00" N 097°20'35.99" E,1,0,Pulau Hinako
122540008,1225,00°51'07.99" N 097°19'14.00" E,1,0,Pulau Imana
122540009,1225,00°52'46.99" N 097°22'21.00" E,0,0,Pulau Langu
122540010,1225,00°55'12.00" N 097°25'50.99" E,0,0,Pulau Lawandra
122540011,1225,00°55'59.45" N 097°25'41.51" E,0,0,Pulau Siite
127140001,1271,03°46'39.69" N 098°39'24.30" E,0,0,Pulau Sicanang
127300001,1273,01°43'01.04" N 098°45'46.32" E,0,0,Pulau Bangke
127300002,1273,01°43'41.00" N 098°46'49.00" E,1,0,Pulau Sarudik
127440001,1274,02°56'21.89" N 099°50'11.07" E,0,0,Pulau Belanga
127440002,1274,02°57'22.82" N 099°49'45.55" E,0,0,Pulau Beswesen
127440003,1274,02°59'16.53" N 099°48'19.62" E,0,0,Pulau Buaya
127440004,1274,02°56'16.35" N 099°49'56.15" E,0,0,Pulau Langgai
127440005,1274,02°55'51.29" N 099°49'29.92" E,0,0,Pulau Rumbia
127440006,1274,02°57'49.49" N 099°49'01.97" E,0,0,Pulau Serindan
127440007,1274,02°57'18.20" N 099°50'01.91" E,0,0,Pulau Tualang
